ROI_number,X_MNI,Y_MNI,Z_MNI,VOL,Frontal_L,Frontal_R,Insula_L,Insula_R,Occipital_L,Occipital_R,Parietal_L,Parietal_R,Subcortical_L,Subcortical_R,Temporal_L,Temporal_R
1,-35.214,51.864,18.146,206,1,0,0,0,0,0,0,0,0,0,0,0
2,-38.673,30.701,34.598,214,1,0,0,0,0,0,0,0,0,0,0,0
3,6.6719,8.5,55.266,256,0,1,0,0,0,0,0,0,0,0,0,0
4,45.561,47.209,-4.738,187,0,1,0,0,0,0,0,0,0,0,0,0
5,-60.416,-6.3483,24.157,178,1,0,0,0,0,0,0,0,0,0,0,0
6,20.436,7.8389,65.014,211,0,1,0,0,0,0,0,0,0,0,0,0
7,6.4393,31.318,28.542,214,0.074766,0.92523,0,0,0,0,0,0,0,0,0,0
8,-27.965,37.399,41.538,173,1,0,0,0,0,0,0,0,0,0,0,0
9,-0.46766,39.701,-25.483,201,0.64677,0.35323,0,0,0,0,0,0,0,0,0,0
10,34.129,29,-4.9,140,0,1,0,0,0,0,0,0,0,0,0,0
11,-26.324,-10.223,52.793,179,1,0,0,0,0,0,0,0,0,0,0,0
12,-5.6686,4.0355,65.976,169,1,0,0,0,0,0,0,0,0,0,0,0
13,-33.173,25.91,-10.617,133,1,0,0,0,0,0,0,0,0,0,0,0
14,52.046,-2.0925,31.665,173,0,1,0,0,0,0,0,0,0,0,0,0
15,40.925,36.816,16.109,201,0,1,0,0,0,0,0,0,0,0,0,0
16,18.528,12.097,-18.194,144,0,1,0,0,0,0,0,0,0,0,0,0
17,-48.755,39.872,-5.5426,188,1,0,0,0,0,0,0,0,0,0,0,0
18,29.033,-12.817,66.178,213,0,1,0,0,0,0,0,0,0,0,0,0
19,5.6506,-12.867,62.867,166,0.018072,0.98193,0,0,0,0,0,0,0,0,0,0
20,-40.731,31.603,19.705,156,1,0,0,0,0,0,0,0,0,0,0,0
21,0.77372,-6.6569,33.314,137,0.51825,0.48175,0,0,0,0,0,0,0,0,0,0
22,-60.146,-11.457,34.742,151,1,0,0,0,0,0,0,0,0,0,0,0
23,-35.846,17.808,39.41,156,1,0,0,0,0,0,0,0,0,0,0,0
24,-14.938,22.167,-19.24,192,1,0,0,0,0,0,0,0,0,0,0,0
25,22.681,34.095,-16.871,232,0,1,0,0,0,0,0,0,0,0,0,0
26,-17.322,-24.847,72.893,177,1,0,0,0,0,0,0,0,0,0,0,0
27,-35.175,24.951,-19.427,143,1,0,0,0,0,0,0,0,0,0,0,0
28,51.435,11.282,15.035,170,0,1,0,0,0,0,0,0,0,0,0,0
29,36.98,12.623,29.258,151,0,1,0,0,0,0,0,0,0,0,0,0
30,-47.687,8.8295,19.382,217,1,0,0,0,0,0,0,0,0,0,0,0
31,-6.1808,60.746,28.102,177,1,0,0,0,0,0,0,0,0,0,0,0
32,-6.5938,60.708,6.0521,192,1,0,0,0,0,0,0,0,0,0,0,0
33,58.925,8.9249,7.6879,173,0,1,0,0,0,0,0,0,0,0,0,0
34,-6.8276,0.31527,42.197,203,1,0,0,0,0,0,0,0,0,0,0,0
35,-5.1486,-29.405,66.73,148,1,0,0,0,0,0,0,0,0,0,0,0
36,-7.3812,36.254,54.276,181,1,0,0,0,0,0,0,0,0,0,0,0
37,25,64.92,7.2989,174,0,1,0,0,0,0,0,0,0,0,0,0
38,28.593,-7.4258,51.416,209,0,1,0,0,0,0,0,0,0,0,0,0
39,10.63,46.146,4.8584,219,0,1,0,0,0,0,0,0,0,0,0,0
40,-39.925,3.7005,39.69,187,1,0,0,0,0,0,0,0,0,0,0,0
41,6.9503,14.221,-18.608,181,0.0055249,0.99448,0,0,0,0,0,0,0,0,0,0
42,-40.994,20.647,6.6705,173,1,0,0,0,0,0,0,0,0,0,0,0
43,-48.061,29.539,26.848,165,1,0,0,0,0,0,0,0,0,0,0,0
44,25.772,15.95,48.158,202,0,1,0,0,0,0,0,0,0,0,0,0
45,49.974,18.847,33.459,229,0,1,0,0,0,0,0,0,0,0,0,0
46,-5.764,-16.956,50.909,339,0.9705,0.029499,0,0,0,0,0,0,0,0,0,0
47,6.6347,56.587,34.144,167,0,1,0,0,0,0,0,0,0,0,0,0
48,-45.915,2.1239,7.9887,355,1,0,0,0,0,0,0,0,0,0,0,0
49,60.394,4.0099,19.586,203,0,1,0,0,0,0,0,0,0,0,0,0
50,-11.155,47.578,9.4658,161,1,0,0,0,0,0,0,0,0,0,0,0
51,-17.783,-11.208,61.528,212,1,0,0,0,0,0,0,0,0,0,0,0
52,-42.688,43.395,11.572,215,1,0,0,0,0,0,0,0,0,0,0,0
53,0.90566,6.1887,32.009,212,0.5,0.5,0,0,0,0,0,0,0,0,0,0
54,-58.398,-1.9759,13.506,166,1,0,0,0,0,0,0,0,0,0,0,0
55,-6.3214,52.524,39.976,168,1,0,0,0,0,0,0,0,0,0,0,0
56,37.115,51.716,-12.284,183,0,1,0,0,0,0,0,0,0,0,0,0
57,-28.959,8.9586,48.722,169,1,0,0,0,0,0,0,0,0,0,0,0
58,49.117,-6.4022,52.436,179,0,1,0,0,0,0,0,0,0,0,0,0
59,4.0737,26.389,-11.937,190,0.10526,0.89474,0,0,0,0,0,0,0,0,0,0
60,5.7617,0.27979,66.756,193,0,1,0,0,0,0,0,0,0,0,0,0
61,-57.101,7.3671,5.1519,158,1,0,0,0,0,0,0,0,0,0,0,0
62,-8.1589,13.126,36.861,151,1,0,0,0,0,0,0,0,0,0,0,0
63,-24.633,44.722,-14.344,180,1,0,0,0,0,0,0,0,0,0,0,0
64,37.204,18.728,40.796,206,0,1,0,0,0,0,0,0,0,0,0,0
65,-52.968,-14.613,46.624,186,1,0,0,0,0,0,0,0,0,0,0,0
66,6.4841,-19.809,53.631,157,0,1,0,0,0,0,0,0,0,0,0,0
67,-13.968,-0.14054,69.643,185,1,0,0,0,0,0,0,0,0,0,0,0
68,29.236,54.51,7.4013,157,0,1,0,0,0,0,0,0,0,0,0,0
69,9.0833,10.893,41.238,168,0,1,0,0,0,0,0,0,0,0,0,0
70,-29.38,-23.464,58.472,881,1,0,0,0,0,0,0,0,0,0,0,0
71,25.845,19.832,-19.561,155,0,1,0,0,0,0,0,0,0,0,0,0
72,40.909,22.485,7.5636,165,0,1,0,0,0,0,0,0,0,0,0,0
73,-21.681,17.84,50.489,188,1,0,0,0,0,0,0,0,0,0,0,0
74,40.213,-3,46.416,178,0,1,0,0,0,0,0,0,0,0,0,0
75,5.7606,41.746,50.014,142,0.0070423,0.99296,0,0,0,0,0,0,0,0,0,0
76,-42,48.44,0.95604,182,1,0,0,0,0,0,0,0,0,0,0,0
77,-38.697,56.318,-6.4848,132,1,0,0,0,0,0,0,0,0,0,0,0
78,27.56,41.69,28.964,168,0,1,0,0,0,0,0,0,0,0,0,0
79,-5.9221,25.429,60.117,154,1,0,0,0,0,0,0,0,0,0,0,0
80,51.381,12.052,-0.18065,155,0,1,0,0,0,0,0,0,0,0,0,0
81,-49.972,8.8113,41.057,212,1,0,0,0,0,0,0,0,0,0,0,0
82,42.864,29.23,39.061,213,0,1,0,0,0,0,0,0,0,0,0,0
83,6.3066,62.628,24.292,137,0,1,0,0,0,0,0,0,0,0,0,0
84,-8.2857,65.366,16.335,161,1,0,0,0,0,0,0,0,0,0,0,0
85,41.449,-13.902,54.609,450,0,1,0,0,0,0,0,0,0,0,0,0
86,-36.768,7.913,29.058,138,1,0,0,0,0,0,0,0,0,0,0,0
87,6.2874,32.299,55.632,174,0.011494,0.98851,0,0,0,0,0,0,0,0,0,0
88,-6.7337,14.58,64.71,169,1,0,0,0,0,0,0,0,0,0,0,0
89,-25.116,52.768,23.991,224,1,0,0,0,0,0,0,0,0,0,0,0
90,0.13659,39.961,8.4,205,0.59024,0.40976,0,0,0,0,0,0,0,0,0,0
91,26.134,4.6607,52.929,224,0,1,0,0,0,0,0,0,0,0,0,0
92,-44.926,35.105,-13.937,190,1,0,0,0,0,0,0,0,0,0,0,0
93,7.5159,-10.777,72.764,157,0,1,0,0,0,0,0,0,0,0,0,0
94,44.037,41.926,-15.074,162,0,1,0,0,0,0,0,0,0,0,0,0
95,43.427,6.9,52.455,220,0,1,0,0,0,0,0,0,0,0,0,0
96,5.6081,65.432,13.162,148,0,1,0,0,0,0,0,0,0,0,0,0
97,-17.873,10.172,65.086,221,1,0,0,0,0,0,0,0,0,0,0,0
98,55.574,-7.7515,41.728,169,0,1,0,0,0,0,0,0,0,0,0,0
99,-4.5897,47.726,-13.214,234,0.94444,0.055556,0,0,0,0,0,0,0,0,0,0
100,44.245,45.353,19.206,204,0,1,0,0,0,0,0,0,0,0,0,0
101,0.48372,18.707,26.707,215,0.53488,0.46512,0,0,0,0,0,0,0,0,0,0
102,-49.315,25.838,-2.3784,222,1,0,0,0,0,0,0,0,0,0,0,0
103,15.372,-31.256,73.385,156,0,1,0,0,0,0,0,0,0,0,0,0
104,-40.798,8.4862,53.505,218,1,0,0,0,0,0,0,0,0,0,0,0
105,-6.433,66.629,-4.7938,194,1,0,0,0,0,0,0,0,0,0,0,0
106,52.963,3.9177,42.782,243,0,1,0,0,0,0,0,0,0,0,0,0
107,1.1075,36.29,-3.5914,186,0.48925,0.51075,0,0,0,0,0,0,0,0,0,0
108,6.9816,49.472,42.613,163,0,1,0,0,0,0,0,0,0,0,0,0
109,42.164,5.8818,37.464,220,0,1,0,0,0,0,0,0,0,0,0,0
110,-31.126,-11.649,63.495,222,1,0,0,0,0,0,0,0,0,0,0,0
111,-5.6373,42.686,43.892,204,1,0,0,0,0,0,0,0,0,0,0,0
112,47.989,23.344,-3.1958,189,0,1,0,0,0,0,0,0,0,0,0,0
113,-6.1754,-7.1579,68.269,171,1,0,0,0,0,0,0,0,0,0,0,0
114,-26.493,18.812,-21.435,138,1,0,0,0,0,0,0,0,0,0,0,0
115,-53.904,18.333,21.974,228,1,0,0,0,0,0,0,0,0,0,0,0
116,-9.0331,-32.742,75.351,151,1,0,0,0,0,0,0,0,0,0,0,0
117,17.469,57.867,-15.779,271,0,1,0,0,0,0,0,0,0,0,0,0
118,55.213,-0.73529,8.0074,272,0,1,0,0,0,0,0,0,0,0,0,0
119,14.255,22.791,-20.109,220,0,1,0,0,0,0,0,0,0,0,0,0
120,7.3006,-22.908,73.816,163,0.006135,0.99387,0,0,0,0,0,0,0,0,0,0
121,-7.3272,24.995,33.834,217,1,0,0,0,0,0,0,0,0,0,0,0
122,-23.96,31.141,-17.747,198,1,0,0,0,0,0,0,0,0,0,0,0
123,32.493,30.808,32.719,203,0,1,0,0,0,0,0,0,0,0,0,0
124,-54.526,-3.3521,38.958,213,1,0,0,0,0,0,0,0,0,0,0,0
125,7.3204,-1.7282,42.825,206,0.0048544,0.99515,0,0,0,0,0,0,0,0,0,0
126,-16.238,43.886,45.192,193,1,0,0,0,0,0,0,0,0,0,0,0
127,23.887,27.277,43.808,177,0,1,0,0,0,0,0,0,0,0,0,0
128,7.2948,60.659,-19.168,173,0,1,0,0,0,0,0,0,0,0,0,0
129,-33.326,44.674,33.223,193,1,0,0,0,0,0,0,0,0,0,0,0
130,12.113,41.458,18.61,177,0,1,0,0,0,0,0,0,0,0,0,0
131,58.566,7.5251,30.429,219,0,1,0,0,0,0,0,0,0,0,0,0
132,-28.547,58.474,-10.895,190,1,0,0,0,0,0,0,0,0,0,0,0
133,25.368,59.979,17.979,193,0,1,0,0,0,0,0,0,0,0,0,0
134,8.1176,21.9,60.688,221,0.0045249,0.99548,0,0,0,0,0,0,0,0,0,0
135,-5.2435,25.171,-22.953,193,0.98964,0.010363,0,0,0,0,0,0,0,0,0,0
136,-48.38,12.413,-0.29348,184,1,0,0,0,0,0,0,0,0,0,0,0
137,-6.0223,19.743,49.944,179,1,0,0,0,0,0,0,0,0,0,0,0
138,7.1739,-4.7913,53.774,230,0,1,0,0,0,0,0,0,0,0,0,0
139,47.407,16.874,44.724,199,0,1,0,0,0,0,0,0,0,0,0,0
140,5.0621,-34.897,71.917,145,0.068966,0.93103,0,0,0,0,0,0,0,0,0,0
141,-18.343,62.486,22.371,140,1,0,0,0,0,0,0,0,0,0,0,0
142,29.607,47.847,18.437,183,0,1,0,0,0,0,0,0,0,0,0,0
143,32.218,28.287,-17.77,174,0,1,0,0,0,0,0,0,0,0,0,0
144,-46.543,2.4623,31.698,199,1,0,0,0,0,0,0,0,0,0,0,0
145,-6.3061,60.806,-17.429,196,1,0,0,0,0,0,0,0,0,0,0,0
146,23.909,39.361,44.484,219,0,1,0,0,0,0,0,0,0,0,0,0
147,41.668,49.135,5.9389,229,0,1,0,0,0,0,0,0,0,0,0,0
148,-8.4969,41.006,19.18,161,1,0,0,0,0,0,0,0,0,0,0,0
149,-16.975,22.721,59.777,197,1,0,0,0,0,0,0,0,0,0,0,0
150,24.135,61.596,-3.3371,178,0,1,0,0,0,0,0,0,0,0,0,0
151,7.85,21.46,35.57,200,0.01,0.99,0,0,0,0,0,0,0,0,0,0
152,-5.7576,33.896,-13.532,231,1,0,0,0,0,0,0,0,0,0,0,0
153,47.346,8.872,25.299,211,0,1,0,0,0,0,0,0,0,0,0,0
154,-48.359,20.395,35.462,223,1,0,0,0,0,0,0,0,0,0,0,0
155,-6.0973,-18.897,73.103,185,1,0,0,0,0,0,0,0,0,0,0,0
156,19.022,50.294,36.615,231,0,1,0,0,0,0,0,0,0,0,0,0
157,33.938,39.568,-11.048,227,0,1,0,0,0,0,0,0,0,0,0,0
158,-48.215,-2.0976,50.117,205,1,0,0,0,0,0,0,0,0,0,0,0
159,16.029,-1.9227,69.961,207,0,1,0,0,0,0,0,0,0,0,0,0
160,6.5872,52.294,20.642,218,0.013761,0.98624,0,0,0,0,0,0,0,0,0,0
161,12.749,37.272,-22.769,195,0,1,0,0,0,0,0,0,0,0,0,0
162,-5.5721,-3.9721,53.591,215,1,0,0,0,0,0,0,0,0,0,0,0
163,-17.844,64.838,-8.2635,167,1,0,0,0,0,0,0,0,0,0,0,0
164,-43.421,-13.326,55.905,190,1,0,0,0,0,0,0,0,0,0,0,0
165,23.102,-25,70.265,196,0,1,0,0,0,0,0,0,0,0,0,0
166,42.725,29.123,-13.509,171,0,1,0,0,0,0,0,0,0,0,0,0
167,-20.047,32.242,51.619,215,1,0,0,0,0,0,0,0,0,0,0,0
168,-24.579,62.557,12.186,183,1,0,0,0,0,0,0,0,0,0,0,0
169,-17.081,-12.427,72.834,211,1,0,0,0,0,0,0,0,0,0,0,0
170,-6.878,36.176,30.107,205,1,0,0,0,0,0,0,0,0,0,0,0
171,6.2143,66.7,2.2143,140,0,1,0,0,0,0,0,0,0,0,0,0
172,54.314,20.359,8.5381,223,0,1,0,0,0,0,0,0,0,0,0,0
173,-53.631,20.188,8.7529,255,1,0,0,0,0,0,0,0,0,0,0,0
174,-6.2012,-14.473,60.604,169,1,0,0,0,0,0,0,0,0,0,0,0
175,-22.866,28.756,40.939,164,1,0,0,0,0,0,0,0,0,0,0,0
176,9.6837,11.99,66.643,196,0,1,0,0,0,0,0,0,0,0,0,0
177,-39.293,47.247,-12.8,215,1,0,0,0,0,0,0,0,0,0,0,0
178,24.735,47.847,-13.357,196,0,1,0,0,0,0,0,0,0,0,0,0
179,-5.4941,30.024,44.882,170,1,0,0,0,0,0,0,0,0,0,0,0
180,33.682,8.0718,60.072,195,0,1,0,0,0,0,0,0,0,0,0,0
181,-42.053,18.305,47.105,190,1,0,0,0,0,0,0,0,0,0,0,0
182,15.649,43.026,47.662,154,0,1,0,0,0,0,0,0,0,0,0,0
183,33.566,40.667,38.818,198,0,1,0,0,0,0,0,0,0,0,0,0
184,-7.5359,49.945,-23.072,181,1,0,0,0,0,0,0,0,0,0,0,0
185,7.5685,52.971,-7.6017,241,0.0082988,0.9917,0,0,0,0,0,0,0,0,0,0
186,18.376,30.707,54.926,229,0,1,0,0,0,0,0,0,0,0,0,0
187,1.3544,-11.152,43.063,158,0.4557,0.5443,0,0,0,0,0,0,0,0,0,0
188,-36.733,-1.9569,59.112,232,1,0,0,0,0,0,0,0,0,0,0,0
189,37.654,58.776,-0.62617,214,0,1,0,0,0,0,0,0,0,0,0,0
190,-51.388,32.141,16.071,170,1,0,0,0,0,0,0,0,0,0,0,0
191,39.435,40.691,28.789,223,0,1,0,0,0,0,0,0,0,0,0,0
192,-26.824,60.703,0.2967,182,1,0,0,0,0,0,0,0,0,0,0,0
193,5.7642,32.646,41.345,229,0.069869,0.93013,0,0,0,0,0,0,0,0,0,0
194,6.9841,65.513,-8.6455,189,0.021164,0.97884,0,0,0,0,0,0,0,0,0,0
195,55.301,20.372,21.876,226,0,1,0,0,0,0,0,0,0,0,0,0
196,48.945,31.871,27.124,201,0,1,0,0,0,0,0,0,0,0,0,0
197,17.6,-16.219,72.657,210,0,1,0,0,0,0,0,0,0,0,0,0
198,-30.369,22.107,53.961,206,1,0,0,0,0,0,0,0,0,0,0,0
199,-38.124,29.944,0.16949,177,1,0,0,0,0,0,0,0,0,0,0,0
200,-20.333,10.794,-18.905,126,1,0,0,0,0,0,0,0,0,0,0,0
201,-3.9407,29.659,19.244,135,1,0,0,0,0,0,0,0,0,0,0,0
202,37.172,-5.0909,59.465,198,0,1,0,0,0,0,0,0,0,0,0,0
203,-41.042,41.671,23.737,213,1,0,0,0,0,0,0,0,0,0,0,0
204,11.571,-14.314,43.643,140,0,1,0,0,0,0,0,0,0,0,0,0
205,-56.716,5.7512,29.373,201,1,0,0,0,0,0,0,0,0,0,0,0
206,-6,48.66,28.209,191,1,0,0,0,0,0,0,0,0,0,0,0
207,36.708,56.379,14.81,195,0,1,0,0,0,0,0,0,0,0,0,0
208,-25.486,-1.0952,66.886,210,1,0,0,0,0,0,0,0,0,0,0,0
209,17.634,59.817,27.419,186,0,1,0,0,0,0,0,0,0,0,0,0
210,-16.926,55.463,34.698,149,1,0,0,0,0,0,0,0,0,0,0,0
211,-6.8317,8.6535,53.525,202,1,0,0,0,0,0,0,0,0,0,0,0
212,-14.532,69.338,5.8961,154,1,0,0,0,0,0,0,0,0,0,0,0
213,-43.241,24.266,-11.911,158,1,0,0,0,0,0,0,0,0,0,0,0
214,22.827,18.78,59.669,254,0,1,0,0,0,0,0,0,0,0,0,0
215,6.0296,20.985,48.7,203,0.0098522,0.99015,0,0,0,0,0,0,0,0,0,0
216,-21.912,44.906,35.836,159,1,0,0,0,0,0,0,0,0,0,0,0
217,5.7798,39.899,-13.183,218,0.068807,0.93119,0,0,0,0,0,0,0,0,0,0
218,6.1184,-25.645,64.053,152,0.0065789,0.99342,0,0,0,0,0,0,0,0,0,0
219,30.018,52.711,29.123,228,0,1,0,0,0,0,0,0,0,0,0,0
220,5.617,30.879,17.603,141,0,1,0,0,0,0,0,0,0,0,0,0
221,-5.3084,53.897,16.29,214,0.98131,0.018692,0,0,0,0,0,0,0,0,0,0
222,42.456,22.981,24.204,206,0,1,0,0,0,0,0,0,0,0,0,0
223,-41.742,17.987,27.032,155,1,0,0,0,0,0,0,0,0,0,0,0
224,4.9317,28.783,-24.211,161,0.1118,0.8882,0,0,0,0,0,0,0,0,0,0
225,-28.522,38.178,28.3,180,1,0,0,0,0,0,0,0,0,0,0,0
226,42.994,31.605,1.5593,177,0,1,0,0,0,0,0,0,0,0,0,0
227,-29.397,11.142,60.858,219,1,0,0,0,0,0,0,0,0,0,0,0
228,-6.6804,16.674,-15.237,291,1,0,0,0,0,0,0,0,0,0,0,0
229,18.527,-10.945,62.488,201,0,1,0,0,0,0,0,0,0,0,0,0
230,-7.7559,55.437,-5.0516,213,1,0,0,0,0,0,0,0,0,0,0,0
231,0.16667,49.519,1.8426,216,0.59722,0.40278,0,0,0,0,0,0,0,0,0,0
232,-49.598,36.565,4.4022,184,1,0,0,0,0,0,0,0,0,0,0,0
233,50.402,36.346,-8.2682,179,0,1,0,0,0,0,0,0,0,0,0,0
234,-58.183,7.3486,17.109,175,1,0,0,0,0,0,0,0,0,0,0,0
235,7.3048,56.886,6.7429,210,0.0047619,0.99524,0,0,0,0,0,0,0,0,0,0
236,-24.1,1.1343,54.796,201,1,0,0,0,0,0,0,0,0,0,0,0
237,43.863,6.3504,9.8974,234,0,1,0,0,0,0,0,0,0,0,0,0
238,32.718,29.068,49.368,234,0,1,0,0,0,0,0,0,0,0,0,0
239,6.2133,43.476,32.329,225,0.057778,0.94222,0,0,0,0,0,0,0,0,0,0
240,26.406,-1.6042,65.146,192,0,1,0,0,0,0,0,0,0,0,0,0
241,-12.885,36.917,-23.042,192,1,0,0,0,0,0,0,0,0,0,0,0
242,15.305,66.515,15.593,167,0,1,0,0,0,0,0,0,0,0,0,0
243,49.191,40.734,6.8617,188,0,1,0,0,0,0,0,0,0,0,0,0
244,54.096,30.695,2.6707,167,0,1,0,0,0,0,0,0,0,0,0,0
245,-8.0585,43.743,-2.3977,171,1,0,0,0,0,0,0,0,0,0,0,0
246,-34.826,28.826,45.047,172,1,0,0,0,0,0,0,0,0,0,0,0
247,30.19,60.215,-10.81,158,0,1,0,0,0,0,0,0,0,0,0,0
248,-38.153,-6.622,47.129,209,1,0,0,0,0,0,0,0,0,0,0,0
249,53.172,31.065,14.892,186,0,1,0,0,0,0,0,0,0,0,0,0
250,-18.175,55.857,-16.206,126,1,0,0,0,0,0,0,0,0,0,0,0
251,5.2745,50.167,-22.402,204,0.11275,0.88725,0,0,0,0,0,0,0,0,0,0
252,-0.58706,12.667,42.567,201,0.68657,0.31343,0,0,0,0,0,0,0,0,0,0
253,36.698,17.991,53.425,212,0,1,0,0,0,0,0,0,0,0,0,0
254,-33.786,38.011,-13.091,187,1,0,0,0,0,0,0,0,0,0,0,0
255,16.029,69.246,1.2464,138,0,1,0,0,0,0,0,0,0,0,0,0
256,-33.01,55.408,8.0767,287,1,0,0,0,0,0,0,0,0,0,0,0
257,1.7487,41.623,20.168,191,0.41361,0.58639,0,0,0,0,0,0,0,0,0,0
258,-4.9215,-58.461,59.11,191,0,0,0,0,0,0,0.97906,0.020942,0,0,0,0
259,39.776,-47.964,49.139,223,0,0,0,0,0,0,0,1,0,0,0,0
260,21.178,-57.271,8.7287,258,0,0,0,0,0,0,0,1,0,0,0,0
261,-57.724,-45.401,40.378,217,0,0,0,0,0,0,1,0,0,0,0,0
262,61.662,-8.7941,32.853,136,0,0,0,0,0,0,0,1,0,0,0,0
263,-62.349,-30.229,24.771,166,0,0,0,0,0,0,1,0,0,0,0,0
264,47.436,-69.673,18.95,202,0,0,0,0,0,0,0,1,0,0,0,0
265,-16.995,-52.555,3.2756,577,0,0,0,0,0,0,1,0,0,0,0,0
266,19.537,-64.513,26.35,160,0,0,0,0,0,0,0,1,0,0,0,0
267,46.048,-59.158,25.062,209,0,0,0,0,0,0,0,1,0,0,0,0
268,-43.186,-46.729,43.442,258,0,0,0,0,0,0,1,0,0,0,0,0
269,-52.382,-65.603,22.779,136,0,0,0,0,0,0,1,0,0,0,0,0
270,-46.792,-55.094,22.277,159,0,0,0,0,0,0,1,0,0,0,0,0
271,-6.3216,-60.231,13.578,199,0,0,0,0,0,0,1,0,0,0,0,0
272,54.936,-21.436,32.596,188,0,0,0,0,0,0,0,1,0,0,0,0
273,5.4692,-49.962,53.706,211,0,0,0,0,0,0,0.056872,0.94313,0,0,0,0
274,59.365,-52.183,28.192,208,0,0,0,0,0,0,0,1,0,0,0,0
275,-10.922,-21.5,40.578,128,0,0,0,0,0,0,1,0,0,0,0,0
276,40.28,-79.483,24.601,143,0,0,0,0,0,0,0,1,0,0,0,0
277,-45.364,-28.578,46.96,173,0,0,0,0,0,0,1,0,0,0,0,0
278,7.506,-47.723,15.108,166,0,0,0,0,0,0,0,1,0,0,0,0
279,-26.158,-35.061,66.07,228,0,0,0,0,0,0,1,0,0,0,0,0
280,-62.417,-18.791,19.928,139,0,0,0,0,0,0,1,0,0,0,0,0
281,5.6914,-36.444,56.395,162,0,0,0,0,0,0,0,1,0,0,0,0
282,12.471,-47.006,3.7613,310,0,0,0,0,0,0,0,1,0,0,0,0
283,-11.614,-45.836,35.256,207,0,0,0,0,0,0,1,0,0,0,0,0
284,22.457,-40.236,73.701,127,0,0,0,0,0,0,0,1,0,0,0,0
285,-7.9119,-26.629,48.151,159,0,0,0,0,0,0,1,0,0,0,0,0
286,26,-78.084,44.169,166,0,0,0,0,0,0,0,1,0,0,0,0
287,-26.992,-60.667,30.605,129,0,0,0,0,0,0,1,0,0,0,0,0
288,-30.077,-71.462,33.637,182,0,0,0,0,0,0,1,0,0,0,0,0
289,11.183,-34.927,38.945,218,0,0,0,0,0,0,0,1,0,0,0,0
290,36.684,-33.088,41.679,193,0,0,0,0,0,0,0,1,0,0,0,0
291,63.37,-16.597,26.829,181,0,0,0,0,0,0,0,1,0,0,0,0
292,53.66,-18.745,19.066,212,0,0,0,0,0,0,0,1,0,0,0,0
293,-15.231,-44.397,74.59,156,0,0,0,0,0,0,1,0,0,0,0,0
294,22.459,-66.579,43.978,183,0,0,0,0,0,0,0,1,0,0,0,0
295,-15.045,-59.338,6.1783,157,0,0,0,0,0,0,1,0,0,0,0,0
296,-36.857,-35.727,41.342,161,0,0,0,0,0,0,1,0,0,0,0,0
297,33.331,-69.227,25.578,251,0,0,0,0,0,0,0,1,0,0,0,0
298,-9.2649,-56.443,24.076,185,0,0,0,0,0,0,1,0,0,0,0,0
299,-51.913,-35.118,27.006,161,0,0,0,0,0,0,1,0,0,0,0,0
300,60.613,-17.954,42.624,173,0,0,0,0,0,0,0,1,0,0,0,0
301,31.075,-70.234,51.897,214,0,0,0,0,0,0,0,1,0,0,0,0
302,-16.601,-44.373,62.435,193,0,0,0,0,0,0,1,0,0,0,0,0
303,-4.6826,-73.641,46.515,167,0,0,0,0,0,0,0.97006,0.02994,0,0,0,0
304,55.934,-63.374,21.176,182,0,0,0,0,0,0,0,1,0,0,0,0
305,-31.219,-46.542,44.615,192,0,0,0,0,0,0,1,0,0,0,0,0
306,-50.173,-46.029,52.74,208,0,0,0,0,0,0,1,0,0,0,0,0
307,6.766,-58.085,63.883,188,0,0,0,0,0,0,0,1,0,0,0,0
308,-6.0435,-59.942,2.5942,138,0,0,0,0,0,0,1,0,0,0,0,0
309,48.982,-43.341,20.659,167,0,0,0,0,0,0,0,1,0,0,0,0
310,5.2868,-28.527,28.636,129,0,0,0,0,0,0,0,1,0,0,0,0
311,-28.7,-73.793,46.473,203,0,0,0,0,0,0,1,0,0,0,0,0
312,-5.617,-35.546,54.794,141,0,0,0,0,0,0,1,0,0,0,0,0
313,-40.542,-73.74,38.768,177,0,0,0,0,0,0,1,0,0,0,0,0
314,5.7888,-57.64,14.025,161,0,0,0,0,0,0,0.068323,0.93168,0,0,0,0
315,14.193,-42.719,50.798,228,0,0,0,0,0,0,0,1,0,0,0,0
316,-35.398,-51.742,33.505,186,0,0,0,0,0,0,1,0,0,0,0,0
317,13,-45.943,74.386,140,0,0,0,0,0,0,0,1,0,0,0,0
318,-15.353,-76.341,52.871,170,0,0,0,0,0,0,1,0,0,0,0,0
319,47.788,-24.273,42.02,198,0,0,0,0,0,0,0,1,0,0,0,0
320,-49.345,-34.681,37.397,229,0,0,0,0,0,0,1,0,0,0,0,0
321,19.222,-73.289,54.556,180,0,0,0,0,0,0,0,1,0,0,0,0
322,-61.726,-44.263,28.674,190,0,0,0,0,0,0,1,0,0,0,0,0
323,66.155,-33.366,17.915,142,0,0,0,0,0,0,0,1,0,0,0,0
324,37.162,-78.311,36.599,167,0,0,0,0,0,0,0,1,0,0,0,0
325,5.616,-41.568,23.408,125,0,0,0,0,0,0,0.016,0.984,0,0,0,0
326,-42.902,-56.828,53.302,215,0,0,0,0,0,0,1,0,0,0,0,0
327,2.3556,-24.613,41.449,225,0,0,0,0,0,0,0.36444,0.63556,0,0,0,0
328,39.548,-55.222,37.722,252,0,0,0,0,0,0,0,1,0,0,0,0
329,10.277,-72.693,44.911,202,0,0,0,0,0,0,0,1,0,0,0,0
330,60.585,-40.057,25.038,212,0,0,0,0,0,0,0,1,0,0,0,0
331,-39.791,-31.213,19.308,211,0,0,0,0,0,0,1,0,0,0,0,0
332,-52.576,-15.12,15.08,250,0,0,0,0,0,0,1,0,0,0,0,0
333,61.049,-29.549,42.176,204,0,0,0,0,0,0,0,1,0,0,0,0
334,-13.282,-41.145,49.391,220,0,0,0,0,0,0,1,0,0,0,0,0
335,27.131,-58.068,49.612,237,0,0,0,0,0,0,0,1,0,0,0,0
336,-35.318,-35.017,66.243,173,0,0,0,0,0,0,1,0,0,0,0,0
337,7.172,-66.753,32.667,186,0,0,0,0,0,0,0,1,0,0,0,0
338,11.268,-45.749,63.978,183,0,0,0,0,0,0,0,1,0,0,0,0
339,-7.0482,-70.711,56.687,166,0,0,0,0,0,0,1,0,0,0,0,0
340,64.132,-21.603,17.51,151,0,0,0,0,0,0,0,1,0,0,0,0
341,-51.898,-45.514,21.119,177,0,0,0,0,0,0,1,0,0,0,0,0
342,-53.141,-24.865,52.049,370,0,0,0,0,0,0,1,0,0,0,0,0
343,53.286,-61.088,35.088,182,0,0,0,0,0,0,0,1,0,0,0,0
344,-38.23,-37.58,51.59,200,0,0,0,0,0,0,1,0,0,0,0,0
345,16.987,-71.74,35.883,154,0,0,0,0,0,0,0,1,0,0,0,0
346,-40.947,-64.872,29.84,188,0,0,0,0,0,0,1,0,0,0,0,0
347,55.733,-42.215,48.81,195,0,0,0,0,0,0,0,1,0,0,0,0
348,-9.2472,-53.101,70.146,178,0,0,0,0,0,0,1,0,0,0,0,0
349,42.212,-30.037,62.544,482,0,0,0,0,0,0,0,1,0,0,0,0
350,61.081,-9.7333,13.052,135,0,0,0,0,0,0,0,1,0,0,0,0
351,-5.5632,-45.655,60.655,174,0,0,0,0,0,0,1,0,0,0,0,0
352,28.628,-58.43,36.826,172,0,0,0,0,0,0,0,1,0,0,0,0
353,12.641,-27.673,45.438,281,0,0,0,0,0,0,0,1,0,0,0,0
354,-53.512,-56.01,42.517,209,0,0,0,0,0,0,1,0,0,0,0,0
355,52.651,-54,16.426,169,0,0,0,0,0,0,0,1,0,0,0,0
356,1.6115,-53.338,30.295,278,0,0,0,0,0,0,0.43525,0.56475,0,0,0,0
357,-31.465,-56.808,62.141,198,0,0,0,0,0,0,1,0,0,0,0,0
358,-3.2583,-27.642,30.093,151,0,0,0,0,0,0,1,0,0,0,0,0
359,-24.247,-58.32,40.134,194,0,0,0,0,0,0,1,0,0,0,0,0
360,-6.0698,-50.76,46.264,258,0,0,0,0,0,0,1,0,0,0,0,0
361,31.202,-47.032,43.894,188,0,0,0,0,0,0,0,1,0,0,0,0
362,-1.2832,-64.566,23.85,173,0,0,0,0,0,0,0.75145,0.24855,0,0,0,0
363,-50.438,-66.769,34.615,169,0,0,0,0,0,0,1,0,0,0,0,0
364,10.022,-58.918,23.148,183,0,0,0,0,0,0,0,1,0,0,0,0
365,-35.011,-61.306,41.742,271,0,0,0,0,0,0,1,0,0,0,0,0
366,-52.723,-26.798,16.766,188,0,0,0,0,0,0,1,0,0,0,0,0
367,64.077,-28.769,29.798,208,0,0,0,0,0,0,0,1,0,0,0,0
368,63.462,-6.1692,22.215,130,0,0,0,0,0,0,0,1,0,0,0,0
369,-9.7068,-58.963,36.733,191,0,0,0,0,0,0,1,0,0,0,0,0
370,46.546,-71.031,31.419,227,0,0,0,0,0,0,0,1,0,0,0,0
371,49.639,-47.815,30.969,227,0,0,0,0,0,0,0,1,0,0,0,0
372,38.635,-60.904,53.837,208,0,0,0,0,0,0,0,1,0,0,0,0
373,-28.435,-45.119,68.56,193,0,0,0,0,0,0,1,0,0,0,0,0
374,-2,-39.983,31.216,232,0,0,0,0,0,0,0.78879,0.21121,0,0,0,0
375,-45.258,-64.708,44.247,178,0,0,0,0,0,0,1,0,0,0,0,0
376,36.987,-48.838,61.93,229,0,0,0,0,0,0,0,1,0,0,0,0
377,54.976,-29.359,52.268,209,0,0,0,0,0,0,0,1,0,0,0,0
378,11.314,-45.285,33.633,207,0,0,0,0,0,0,0,1,0,0,0,0
379,-2.9834,-67.547,36.298,181,0,0,0,0,0,0,0.8674,0.1326,0,0,0,0
380,20.909,-51.455,58.81,242,0,0,0,0,0,0,0,1,0,0,0,0
381,-5.4583,-47.75,18.635,192,0,0,0,0,0,0,1,0,0,0,0,0
382,-57.55,-56.211,27.945,218,0,0,0,0,0,0,1,0,0,0,0,0
383,13.558,-58.549,36.071,226,0,0,0,0,0,0,0,1,0,0,0,0
384,12.633,-61.336,51.156,256,0,0,0,0,0,0,0,1,0,0,0,0
385,-0.16783,-38.734,43.503,286,0,0,0,0,0,0,0.58741,0.41259,0,0,0,0
386,-23.704,-66.956,58.867,203,0,0,0,0,0,0,1,0,0,0,0,0
387,-63.25,-20.319,31.819,144,0,0,0,0,0,0,1,0,0,0,0,0
388,28.611,-72.356,34.189,180,0,0,0,0,0,0,0,1,0,0,0,0
389,7.6889,-70.9,56.4,180,0,0,0,0,0,0,0,1,0,0,0,0
390,-27.737,-46.071,56.98,198,0,0,0,0,0,0,1,0,0,0,0,0
391,-40.946,-21.608,19.297,148,0,0,0,0,0,0,1,0,0,0,0,0
392,50.709,-36.504,40.846,234,0,0,0,0,0,0,0,1,0,0,0,0
393,-61.772,-34.257,37.04,202,0,0,0,0,0,0,1,0,0,0,0,0
394,-18.312,-60.953,18.859,128,0,0,0,0,0,0,1,0,0,0,0,0
395,47.35,-62.97,45.18,200,0,0,0,0,0,0,0,1,0,0,0,0
396,-47.94,-52.233,32.914,232,0,0,0,0,0,0,1,0,0,0,0,0
397,41.811,-42.981,40.075,159,0,0,0,0,0,0,0,1,0,0,0,0
398,42.295,-19.301,19.103,312,0,0,0,0,0,0,0,1,0,0,0,0
399,-53.133,-22.947,28.867,226,0,0,0,0,0,0,1,0,0,0,0,0
400,28.736,-60.378,62.159,201,0,0,0,0,0,0,0,1,0,0,0,0
401,62.606,-49.873,17.887,142,0,0,0,0,0,0,0,1,0,0,0,0
402,-46.057,-35.678,58.322,174,0,0,0,0,0,0,1,0,0,0,0,0
403,49.662,-11.577,12.408,142,0,0,0,0,0,0,0,1,0,0,0,0
404,-20.571,-55.498,68.079,203,0,0,0,0,0,0,1,0,0,0,0,0
405,48.022,-51.641,53.902,184,0,0,0,0,0,0,0,1,0,0,0,0
406,17.006,-56.089,69.665,179,0,0,0,0,0,0,0,1,0,0,0,0
407,-55.269,-34.853,48.944,197,0,0,0,0,0,0,1,0,0,0,0,0
408,7.2193,-51.807,42.535,228,0,0,0,0,0,0,0.02193,0.97807,0,0,0,0
409,-38.337,-46.51,59.551,196,0,0,0,0,0,0,1,0,0,0,0,0
410,-57.591,-59.921,16.252,127,0,0,0,0,0,0,1,0,0,0,0,0
411,53.078,-30.48,23.676,204,0,0,0,0,0,0,0,1,0,0,0,0
412,-12.994,-65.158,64.152,171,0,0,0,0,0,0,1,0,0,0,0,0
413,41.165,-31.146,50.893,206,0,0,0,0,0,0,0,1,0,0,0,0
414,-15.445,-56.718,55.592,245,0,0,0,0,0,0,1,0,0,0,0,0
415,-27.435,-57.424,51.054,184,0,0,0,0,0,0,1,0,0,0,0,0
416,37.983,-68.405,41.733,232,0,0,0,0,0,0,0,1,0,0,0,0
417,19.972,-54.667,19.844,141,0,0,0,0,0,0,0,1,0,0,0,0
418,16.561,-65.755,63.061,196,0,0,0,0,0,0,0,1,0,0,0,0
419,45.244,-39.761,57.062,209,0,0,0,0,0,0,0,1,0,0,0,0
420,-12.605,-32.523,40.709,172,0,0,0,0,0,0,1,0,0,0,0,0
421,61.697,-41.879,37.131,198,0,0,0,0,0,0,0,1,0,0,0,0
422,-1.2963,-62.57,47.689,270,0,0,0,0,0,0,0.66667,0.33333,0,0,0,0
423,1.0355,-17.631,33.206,141,0,0,0,0,0,0,0.48936,0.51064,0,0,0,0
424,54.483,-52.118,42.296,203,0,0,0,0,0,0,0,1,0,0,0,0
425,-62.07,-48.965,17.678,143,0,0,0,0,0,0,1,0,0,0,0,0
426,29.743,-40.29,56.664,241,0,0,0,0,0,0,0,1,0,0,0,0
427,25.899,-48.697,68.636,198,0,0,0,0,0,0,0,1,0,0,0,0
428,-17.356,-67.03,46.06,233,0,0,0,0,0,0,1,0,0,0,0,0
429,-35.165,-66.784,52.794,194,0,0,0,0,0,0,1,0,0,0,0,0
430,-29.337,-74.552,-15.514,181,0,0,0,0,1,0,0,0,0,0,0,0
431,-19.641,-79.006,27.569,167,0,0,0,0,1,0,0,0,0,0,0,0
432,-27.953,-81.422,19.64,211,0,0,0,0,1,0,0,0,0,0,0,0
433,29.494,-70.727,-12.805,154,0,0,0,0,0,1,0,0,0,0,0,0
434,-53.432,-66.392,6.0541,148,0,0,0,0,1,0,0,0,0,0,0,0
435,-12.825,-102.17,2.565,177,0,0,0,0,1,0,0,0,0,0,0,0
436,30.795,-82.943,25.625,176,0,0,0,0,0,1,0,0,0,0,0,0
437,-32.685,-60.152,-10.618,356,0,0,0,0,1,0,0,0,0,0,0,0
438,17.954,-47.171,-8.3871,217,0,0,0,0,0,1,0,0,0,0,0,0
439,-25.829,-70.729,24.403,129,0,0,0,0,1,0,0,0,0,0,0,0
440,-42.231,-80.531,-13.986,147,0,0,0,0,1,0,0,0,0,0,0,0
441,-15.763,-69.05,8.5,160,0,0,0,0,1,0,0,0,0,0,0,0
442,-51.244,-58.04,5.6716,201,0,0,0,0,1,0,0,0,0,0,0,0
443,33.208,-80.189,-7.8365,159,0,0,0,0,0,1,0,0,0,0,0,0
444,19.828,-55.656,0.85938,128,0,0,0,0,0,1,0,0,0,0,0,0
445,20.298,-85.076,38.327,275,0,0,0,0,0,1,0,0,0,0,0,0
446,20.885,-97.609,-10.506,174,0,0,0,0,0,1,0,0,0,0,0,0
447,-19.837,-73.311,-2.7368,209,0,0,0,0,1,0,0,0,0,0,0,0
448,-27.121,-85.48,31.607,173,0,0,0,0,1,0,0,0,0,0,0,0
449,-12.956,-65.265,28.397,136,0,0,0,0,1,0,0,0,0,0,0,0
450,47.421,-64.787,6.5915,328,0,0,0,0,0,1,0,0,0,0,0,0
451,36.16,-78.011,3.7647,187,0,0,0,0,0,1,0,0,0,0,0,0
452,7.9636,-73.982,16.627,220,0,0,0,0,0,1,0,0,0,0,0,0
453,-24.357,-95.006,-14.293,157,0,0,0,0,1,0,0,0,0,0,0,0
454,16.058,-67.892,18.583,240,0,0,0,0,0,1,0,0,0,0,0,0
455,17.427,-87.827,-17.613,150,0,0,0,0,0,1,0,0,0,0,0,0
456,-17.453,-54.842,-4.5895,190,0,0,0,0,1,0,0,0,0,0,0,0
457,14.873,-91.745,27.006,165,0,0,0,0,0,1,0,0,0,0,0,0
458,10.03,-97.107,4.9848,197,0,0,0,0,0,1,0,0,0,0,0,0
459,-47.865,-78.073,6.5907,193,0,0,0,0,1,0,0,0,0,0,0,0
460,41.841,-79.557,-15.239,176,0,0,0,0,0,1,0,0,0,0,0,0
461,-12.011,-66.091,-6.1932,176,0,0,0,0,1,0,0,0,0,0,0,0
462,18.729,-71.15,8.0561,214,0,0,0,0,0,1,0,0,0,0,0,0
463,-6.2124,-78.876,-9.6991,226,0,0,0,0,0.99558,0.0044248,0,0,0,0,0,0
464,-6.0331,-95.193,19.646,181,0,0,0,0,1,0,0,0,0,0,0,0
465,-9.6,-83.215,42.948,135,0,0,0,0,1,0,0,0,0,0,0,0
466,-13.367,-98.544,-12.5,180,0,0,0,0,1,0,0,0,0,0,0,0
467,25.461,-49.305,-8.2695,141,0,0,0,0,0,1,0,0,0,0,0,0
468,37.141,-84.328,14.667,177,0,0,0,0,0,1,0,0,0,0,0,0
469,-23.921,-96.938,6.9153,177,0,0,0,0,1,0,0,0,0,0,0,0
470,-45.026,-76.579,27.026,152,0,0,0,0,1,0,0,0,0,0,0,0
471,10.547,-95.419,-6.5349,172,0,0,0,0,0,1,0,0,0,0,0,0
472,-23.125,-64.591,-10.67,176,0,0,0,0,1,0,0,0,0,0,0,0
473,50.681,-67.376,-2.1418,141,0,0,0,0,0,1,0,0,0,0,0,0
474,-14.612,-87.459,-19.306,170,0,0,0,0,1,0,0,0,0,0,0,0
475,34.577,-90.821,6.6154,156,0,0,0,0,0,1,0,0,0,0,0,0
476,-14.25,-72.455,20,176,0,0,0,0,1,0,0,0,0,0,0,0
477,-36.642,-82.566,29.308,159,0,0,0,0,1,0,0,0,0,0,0,0
478,18.4,-77.265,-12.908,185,0,0,0,0,0,1,0,0,0,0,0,0
479,-13.886,-87.25,34.432,176,0,0,0,0,1,0,0,0,0,0,0,0
480,28.839,-82.258,-18.232,155,0,0,0,0,0,1,0,0,0,0,0,0
481,13.848,-87.139,8.557,237,0,0,0,0,0,1,0,0,0,0,0,0
482,-24.17,-97.705,-3.75,176,0,0,0,0,1,0,0,0,0,0,0,0
483,-22.438,-83.299,7.2271,251,0,0,0,0,1,0,0,0,0,0,0,0
484,17.311,-65.338,-10.081,148,0,0,0,0,0,1,0,0,0,0,0,0
485,6.9399,-76.492,28.514,183,0,0,0,0,0,1,0,0,0,0,0,0
486,-50.216,-72.132,-5.9162,167,0,0,0,0,1,0,0,0,0,0,0,0
487,15.304,-96.906,15.392,181,0,0,0,0,0,1,0,0,0,0,0,0
488,37.408,-68.186,-9.0085,355,0,0,0,0,0,1,0,0,0,0,0,0
489,47.781,-75.294,5.9701,201,0,0,0,0,0,1,0,0,0,0,0,0
490,-42.094,-67.875,2.7917,192,0,0,0,0,1,0,0,0,0,0,0,0
491,-25.966,-81.765,40.765,238,0,0,0,0,1,0,0,0,0,0,0,0
492,-33.276,-91.059,2.6878,221,0,0,0,0,1,0,0,0,0,0,0,0
493,42.729,-84.844,-2.7917,192,0,0,0,0,0,1,0,0,0,0,0,0
494,-15.936,-96.734,14.649,188,0,0,0,0,1,0,0,0,0,0,0,0
495,-28.556,-84.503,-20.011,187,0,0,0,0,1,0,0,0,0,0,0,0
496,17.317,-78.846,1.375,208,0,0,0,0,0,1,0,0,0,0,0,0
497,22.954,-97.185,5.2222,216,0,0,0,0,0,1,0,0,0,0,0,0
498,6.9451,-67.901,7,182,0,0,0,0,0,1,0,0,0,0,0,0
499,-28.347,-91.295,17.789,190,0,0,0,0,1,0,0,0,0,0,0,0
500,-5.974,-76.502,27.368,231,0,0,0,0,1,0,0,0,0,0,0,0
501,-11.422,-90.635,3.4297,249,0,0,0,0,1,0,0,0,0,0,0,0
502,6.7755,-84.929,-13.5,196,0,0,0,0,0.020408,0.97959,0,0,0,0,0,0
503,-40.642,-84.174,16.789,218,0,0,0,0,1,0,0,0,0,0,0,0
504,30.853,-92.789,-3.0316,190,0,0,0,0,0,1,0,0,0,0,0,0
505,2.3813,-81.65,8.9883,257,0,0,0,0,0.37743,0.62257,0,0,0,0,0,0
506,-4.0316,-72.2,0.97895,190,0,0,0,0,0.92105,0.078947,0,0,0,0,0,0
507,-34.47,-89.34,-11.06,200,0,0,0,0,1,0,0,0,0,0,0,0
508,-18.175,-44.841,-10.635,126,0,0,0,0,1,0,0,0,0,0,0,0
509,25.776,-91.439,20.02,196,0,0,0,0,0,1,0,0,0,0,0,0
510,18.196,-83.059,24.725,204,0,0,0,0,0,1,0,0,0,0,0,0
511,-37.125,-73.602,15.284,176,0,0,0,0,1,0,0,0,0,0,0,0
512,-4.3593,-89.892,-13.054,167,0,0,0,0,0.9521,0.047904,0,0,0,0,0,0
513,9.4603,-83.968,35.471,189,0,0,0,0,0,1,0,0,0,0,0,0
514,-11.057,-79.868,4.3208,212,0,0,0,0,1,0,0,0,0,0,0,0
515,-5.0745,-72.755,13.84,188,0,0,0,0,1,0,0,0,0,0,0,0
516,-28.852,-80.472,-4.0093,216,0,0,0,0,1,0,0,0,0,0,0,0
517,28.245,-84.952,9.9864,147,0,0,0,0,0,1,0,0,0,0,0,0
518,-34.888,-79.754,6.2567,187,0,0,0,0,1,0,0,0,0,0,0,0
519,-4.7841,-97.182,-4.75,176,0,0,0,0,0.97727,0.022727,0,0,0,0,0,0
520,-9.9623,-84.506,16.777,265,0,0,0,0,1,0,0,0,0,0,0,0
521,2.7471,-86.358,-1.8366,257,0,0,0,0,0.3463,0.6537,0,0,0,0,0,0
522,-17.642,-91.137,24.968,190,0,0,0,0,1,0,0,0,0,0,0,0
523,-3.8507,-88.179,29.303,201,0,0,0,0,0.9204,0.079602,0,0,0,0,0,0
524,-42.454,-84.278,-2.1959,194,0,0,0,0,1,0,0,0,0,0,0,0
525,-2.6457,-80.394,36.709,127,0,0,0,0,0.86614,0.13386,0,0,0,0,0,0
526,5.6145,-88.112,19.245,249,0,0,0,0,0.096386,0.90361,0,0,0,0,0,0
527,-17.889,-87.542,-7.2841,271,0,0,0,0,1,0,0,0,0,0,0,0
528,-40.635,-62.771,15.133,249,0,0,0,0,1,0,0,0,0,0,0,0
529,-17.55,-76.21,-13.39,200,0,0,0,0,1,0,0,0,0,0,0,0
530,-2.5625,-96.812,7.8021,192,0,0,0,0,0.86979,0.13021,0,0,0,0,0,0
531,-16.38,-72.92,36.34,200,0,0,0,0,1,0,0,0,0,0,0,0
532,-37.879,-73.538,-7.1429,182,0,0,0,0,1,0,0,0,0,0,0,0
533,11.679,-61.359,-1.5897,156,0,0,0,0,0,1,0,0,0,0,0,0
534,19.485,-88.059,-5.8481,237,0,0,0,0,0,1,0,0,0,0,0,0
535,8.5207,-73.595,-4.6446,242,0,0,0,0,0,1,0,0,0,0,0,0
536,-47.897,-71.543,16.023,175,0,0,0,0,1,0,0,0,0,0,0,0
537,23.938,-68.667,-4.8062,129,0,0,0,0,0,1,0,0,0,0,0,0
538,31.836,-90.561,-13.322,171,0,0,0,0,0,1,0,0,0,0,0,0
539,-55.411,-16.899,-31.14,207,0,0,0,0,0,0,0,0,0,0,1,0
540,41.928,-24.326,-20.353,221,0,0,0,0,0,0,0,0,0,0,0,1
541,48.035,-35.31,3.6374,171,0,0,0,0,0,0,0,0,0,0,0,1
542,-54.213,-26.625,7.5375,160,0,0,0,0,0,0,0,0,0,0,1,0
543,-50.29,10.409,-12.71,186,0,0,0,0,0,0,0,0,0,0,1,0
544,50,-67.06,-12.012,168,0,0,0,0,0,0,0,0,0,0,0,1
545,40.74,22.091,-30.338,154,0,0,0,0,0,0,0,0,0,0,0,1
546,-28.264,1.8491,-43.874,159,0,0,0,0,0,0,0,0,0,0,1,0
547,57.12,-35.59,-0.25641,234,0,0,0,0,0,0,0,0,0,0,0,1
548,-30.383,8,-30.889,162,0,0,0,0,0,0,0,0,0,0,1,0
549,-54.395,-61.235,-6.1605,162,0,0,0,0,0,0,0,0,0,0,1,0
550,-40.849,-60.76,-18.615,179,0,0,0,0,0,0,0,0,0,0,1,0
551,65.281,-15.371,5.5393,178,0,0,0,0,0,0,0,0,0,0,0,1
552,-61.24,-37.984,17.643,129,0,0,0,0,0,0,0,0,0,0,1,0
553,40.174,-44.554,-18.641,184,0,0,0,0,0,0,0,0,0,0,0,1
554,-43.878,-13.973,-6.449,147,0,0,0,0,0,0,0,0,0,0,1,0
555,52.311,-6.1333,-19.413,225,0,0,0,0,0,0,0,0,0,0,0,1
556,-25.044,-28.015,-21.544,136,0,0,0,0,0,0,0,0,0,0,1,0
557,31.639,20.297,-36.206,155,0,0,0,0,0,0,0,0,0,0,0,1
558,-42.174,7.8841,-23.411,207,0,0,0,0,0,0,0,0,0,0,1,0
559,61.234,-53.36,6.48,175,0,0,0,0,0,0,0,0,0,0,0,1
560,-43.57,-21.494,5.2152,158,0,0,0,0,0,0,0,0,0,0,1,0
561,47.844,18.671,-22.766,167,0,0,0,0,0,0,0,0,0,0,0,1
562,56.322,-57.779,-17.296,199,0,0,0,0,0,0,0,0,0,0,0,1
563,-26.7,-2.0084,-22.975,474,0,0,0,0,0,0,0,0,0,0,1,0
564,-61.343,-27.053,-24.213,207,0,0,0,0,0,0,0,0,0,0,1,0
565,51.886,-0.67299,-6.9953,211,0,0,0,0,0,0,0,0,0,0,0,1
566,38.818,-68.117,-18.321,137,0,0,0,0,0,0,0,0,0,0,0,1
567,-52.61,-51.507,-22.413,223,0,0,0,0,0,0,0,0,0,0,1,0
568,36.43,-19.15,-27.56,200,0,0,0,0,0,0,0,0,0,0,0,1
569,-28.419,-42.189,-16.865,148,0,0,0,0,0,0,0,0,0,0,1,0
570,58.214,7.0076,-6.2901,131,0,0,0,0,0,0,0,0,0,0,0,1
571,-41.014,20.068,-29.419,148,0,0,0,0,0,0,0,0,0,0,1,0
572,-22.876,-17.314,-27.825,137,0,0,0,0,0,0,0,0,0,0,1,0
573,66.01,-39.824,6.6528,193,0,0,0,0,0,0,0,0,0,0,0,1
574,51.836,-6.3497,-38,183,0,0,0,0,0,0,0,0,0,0,0,1
575,-43.876,-32.456,10.409,259,0,0,0,0,0,0,0,0,0,0,1,0
576,-52.897,-31.825,-3.3299,194,0,0,0,0,0,0,0,0,0,0,1,0
577,30.197,-32.776,-16.224,152,0,0,0,0,0,0,0,0,0,0,0,1
578,-61.812,-12.663,-21.644,202,0,0,0,0,0,0,0,0,0,0,1,0
579,28.296,1.8163,-44.031,196,0,0,0,0,0,0,0,0,0,0,0,1
580,50.342,-50.899,1.8481,158,0,0,0,0,0,0,0,0,0,0,0,1
581,-23.419,11.151,-38.983,179,0,0,0,0,0,0,0,0,0,0,1,0
582,25.055,-25.096,-22.178,146,0,0,0,0,0,0,0,0,0,0,0,1
583,-46.364,-68.378,-17.649,291,0,0,0,0,0,0,0,0,0,0,1,0
584,30.424,5.5326,-24.141,184,0,0,0,0,0,0,0,0,0,0,0,1
585,-61.887,-44.31,8.0469,213,0,0,0,0,0,0,0,0,0,0,1,0
586,42.326,0.38947,-44.158,190,0,0,0,0,0,0,0,0,0,0,0,1
587,-35.279,-23.471,-24.288,208,0,0,0,0,0,0,0,0,0,0,1,0
588,-50.937,-4.2211,-5.2105,190,0,0,0,0,0,0,0,0,0,0,1,0
589,52.754,-47.578,-24.161,199,0,0,0,0,0,0,0,0,0,0,0,1
590,-37.317,7.6878,-41.59,205,0,0,0,0,0,0,0,0,0,0,1,0
591,-62.35,-41.59,-16.6,200,0,0,0,0,0,0,0,0,0,0,1,0
592,61.75,-2.6875,0.7125,160,0,0,0,0,0,0,0,0,0,0,0,1
593,64.413,-21.838,-4,247,0,0,0,0,0,0,0,0,0,0,0,1
594,-58.636,-1.2098,-2.1818,286,0,0,0,0,0,0,0,0,0,0,1,0
595,35.077,-55.923,-16.538,156,0,0,0,0,0,0,0,0,0,0,0,1
596,-48.208,2.9792,-37.073,192,0,0,0,0,0,0,0,0,0,0,1,0
597,45.267,-36.346,-24.188,191,0,0,0,0,0,0,0,0,0,0,0,1
598,-35.124,-50.982,-18.592,169,0,0,0,0,0,0,0,0,0,0,1,0
599,58.065,-58.627,-4.627,185,0,0,0,0,0,0,0,0,0,0,0,1
600,-24.599,-5.0695,-34.246,187,0,0,0,0,0,0,0,0,0,0,1,0
601,24.294,12.494,-39.682,170,0,0,0,0,0,0,0,0,0,0,0,1
602,-60.87,-54.402,0.28261,184,0,0,0,0,0,0,0,0,0,0,1,0
603,-63.285,-18.703,5.2606,165,0,0,0,0,0,0,0,0,0,0,1,0
604,55.758,-23.048,-24.494,231,0,0,0,0,0,0,0,0,0,0,0,1
605,-32.633,18.136,-37.119,177,0,0,0,0,0,0,0,0,0,0,1,0
606,-54.866,-4.1339,-29.062,224,0,0,0,0,0,0,0,0,0,0,1,0
607,61.983,-47.767,-4.7931,232,0,0,0,0,0,0,0,0,0,0,0,1
608,41.533,-0.14667,-14.733,150,0,0,0,0,0,0,0,0,0,0,0,1
609,-53.534,6.5596,-24.87,193,0,0,0,0,0,0,0,0,0,0,1,0
610,65.754,-27.076,7.4971,171,0,0,0,0,0,0,0,0,0,0,0,1
611,-52.611,-21.004,-8.7773,229,0,0,0,0,0,0,0,0,0,0,1,0
612,54.629,-31.371,12.994,159,0,0,0,0,0,0,0,0,0,0,0,1
613,22.219,4.3825,-33.049,183,0,0,0,0,0,0,0,0,0,0,0,1
614,-43.619,-16.848,-28.294,231,0,0,0,0,0,0,0,0,0,0,1,0
615,-63.901,-30.231,10.714,182,0,0,0,0,0,0,0,0,0,0,1,0
616,48.335,10.567,-35.931,233,0,0,0,0,0,0,0,0,0,0,0,1
617,-54,-38.304,-24.164,171,0,0,0,0,0,0,0,0,0,0,1,0
618,-43.229,-2.8889,-16.065,153,0,0,0,0,0,0,0,0,0,0,1,0
619,65.122,-14.868,-15.894,189,0,0,0,0,0,0,0,0,0,0,0,1
620,-37.242,-3.6522,-44.41,161,0,0,0,0,0,0,0,0,0,0,1,0
621,26.551,-6.6204,-24.776,490,0,0,0,0,0,0,0,0,0,0,0,1
622,-50.823,-40.335,3.6172,209,0,0,0,0,0,0,0,0,0,0,1,0
623,61.202,-1.5074,-18.424,203,0,0,0,0,0,0,0,0,0,0,0,1
624,-57.991,-1.1698,-15.717,212,0,0,0,0,0,0,0,0,0,0,1,0
625,54.939,-21.646,7.8171,164,0,0,0,0,0,0,0,0,0,0,0,1
626,-49.234,-8.4577,-40.229,201,0,0,0,0,0,0,0,0,0,0,1,0
627,60.646,-13.249,-27.979,189,0,0,0,0,0,0,0,0,0,0,0,1
628,-65.243,-24.019,-12.991,214,0,0,0,0,0,0,0,0,0,0,1,0
629,-54.688,-46.493,-6.5953,215,0,0,0,0,0,0,0,0,0,0,1,0
630,57.902,-35.18,-23.21,205,0,0,0,0,0,0,0,0,0,0,0,1
631,45.475,-23.284,4.4916,419,0,0,0,0,0,0,0,0,0,0,0,1
632,-43.321,-43.179,-25.202,168,0,0,0,0,0,0,0,0,0,0,1,0
633,36.722,11.932,-42.02,205,0,0,0,0,0,0,0,0,0,0,0,1
634,48.41,-15.459,-29.598,229,0,0,0,0,0,0,0,0,0,0,0,1
635,50.955,-43.967,-13.449,243,0,0,0,0,0,0,0,0,0,0,0,1
636,-47.192,-28.064,-23.352,250,0,0,0,0,0,0,0,0,0,0,1,0
637,56.812,-43.125,10.638,160,0,0,0,0,0,0,0,0,0,0,0,1
638,67.217,-35.104,-5.783,212,0,0,0,0,0,0,0,0,0,0,0,1
639,49.498,-24.95,-3.5616,219,0,0,0,0,0,0,0,0,0,0,0,1
640,-61.459,-12.559,-8.0631,222,0,0,0,0,0,0,0,0,0,0,1,0
641,-39.442,-5.2212,-34.654,208,0,0,0,0,0,0,0,0,0,0,1,0
642,-45.909,-52.505,-12.384,198,0,0,0,0,0,0,0,0,0,0,1,0
643,-52.561,-15.561,4.2683,164,0,0,0,0,0,0,0,0,0,0,1,0
644,30.59,-6.1387,-35.63,173,0,0,0,0,0,0,0,0,0,0,0,1
645,54.713,8.2874,-23.448,174,0,0,0,0,0,0,0,0,0,0,0,1
646,-64.907,-39.831,-3.2444,225,0,0,0,0,0,0,0,0,0,0,1,0
647,-44.517,-41.035,-16.299,201,0,0,0,0,0,0,0,0,0,0,1,0
648,39.972,0.36111,-34.204,216,0,0,0,0,0,0,0,0,0,0,0,1
649,29.946,-42.245,-17.224,147,0,0,0,0,0,0,0,0,0,0,0,1
650,-33.88,-14.689,-34.623,183,0,0,0,0,0,0,0,0,0,0,1,0
651,-49.826,-48.685,8.5235,149,0,0,0,0,0,0,0,0,0,0,1,0
652,-57.497,-32.46,-13.84,187,0,0,0,0,0,0,0,0,0,0,1,0
653,-33.948,-34.99,-22.969,192,0,0,0,0,0,0,0,0,0,0,1,0
654,54.98,-0.071429,-30.337,196,0,0,0,0,0,0,0,0,0,0,0,1
655,39.822,-10.83,-36.341,135,0,0,0,0,0,0,0,0,0,0,0,1
656,34.776,-31.776,-24.918,170,0,0,0,0,0,0,0,0,0,0,0,1
657,-52.121,-11.198,-17.293,232,0,0,0,0,0,0,0,0,0,0,1,0
658,53.648,-11.236,1.6485,165,0,0,0,0,0,0,0,0,0,0,0,1
659,62.286,-44.457,-16.149,175,0,0,0,0,0,0,0,0,0,0,0,1
660,-63.622,-28.036,-1.2432,222,0,0,0,0,0,0,0,0,0,0,1,0
661,36.46,11.82,-30.8,200,0,0,0,0,0,0,0,0,0,0,0,1
662,65.767,-26.328,-18.19,189,0,0,0,0,0,0,0,0,0,0,0,1
663,-46,12.648,-34.761,176,0,0,0,0,0,0,0,0,0,0,1,0
664,58.448,-31.552,-12.109,201,0,0,0,0,0,0,0,0,0,0,0,1
665,-59.693,-54.455,-12.693,202,0,0,0,0,0,0,0,0,0,0,1,0
666,44.899,7.0707,-21.646,198,0,0,0,0,0,0,0,0,0,0,0,1
667,46.096,-56.079,-8.1223,229,0,0,0,0,0,0,0,0,0,0,0,1
668,52.314,13.686,-12.78,159,0,0,0,0,0,0,0,0,0,0,0,1
669,-47.421,17.105,-20.895,152,0,0,0,0,0,0,0,0,0,0,1,0
670,45.596,-57.685,-19.404,178,0,0,0,0,0,0,0,0,0,0,0,1
671,54.376,-16.573,-10.892,213,0,0,0,0,0,0,0,0,0,0,0,1
672,61.967,-8.2,-7.9667,180,0,0,0,0,0,0,0,0,0,0,0,1
673,40.767,13.169,-3.8174,219,0,0,0,1,0,0,0,0,0,0,0,0
674,-34.025,11.438,6.825,160,0,0,1,0,0,0,0,0,0,0,0,0
675,-34.705,-18.173,12.058,139,0,0,1,0,0,0,0,0,0,0,0,0
676,32.623,24.455,5.7532,154,0,0,0,1,0,0,0,0,0,0,0,0
677,41.618,-0.34171,-0.34171,199,0,0,0,1,0,0,0,0,0,0,0,0
678,-40.794,1.5047,-3.1495,214,0,0,1,0,0,0,0,0,0,0,0,0
679,37.329,-6.0854,13.476,164,0,0,0,1,0,0,0,0,0,0,0,0
680,-32.062,23.63,3.284,162,0,0,1,0,0,0,0,0,0,0,0,0
681,-38.68,-11.693,0.73333,150,0,0,1,0,0,0,0,0,0,0,0,0
682,38.579,-13.382,4.0526,152,0,0,0,1,0,0,0,0,0,0,0,0
683,-36.588,-3.4021,11.928,194,0,0,1,0,0,0,0,0,0,0,0,0
684,35.548,7.9167,9.4167,168,0,0,0,1,0,0,0,0,0,0,0,0
685,-38.62,14.987,-6.7089,158,0,0,1,0,0,0,0,0,0,0,0,0
686,36.082,19.435,-10.859,170,0,0,0,1,0,0,0,0,0,0,0,0
687,29.033,-27.958,-9.0423,426,0,0,0,0,0,0,0,0,0,1,0,0
688,-25.896,-15.132,-18.858,212,0,0,0,0,0,0,0,0,1,0,0,0
689,-17.078,-0.57778,-2,180,0,0,0,0,0,0,0,0,1,0,0,0
690,-28.189,2.8444,-3.4333,180,0,0,0,0,0,0,0,0,1,0,0,0
691,-13.637,4.3846,17.89,182,0,0,0,0,0,0,0,0,1,0,0,0
692,7.8541,-14.567,0.71245,233,0,0,0,0,0,0,0,0,0.017167,0.98283,0,0
693,-26.141,-4.8956,7.8384,297,0,0,0,0,0,0,0,0,1,0,0,0
694,29.883,5.7766,-3.1277,188,0,0,0,0,0,0,0,0,0,1,0,0
695,10.573,12.622,-7.5488,164,0,0,0,0,0,0,0,0,0,1,0,0
696,-27.01,-30.527,-8.9901,406,0,0,0,0,0,0,0,0,1,0,0,0
697,15.438,-8.618,7.809,178,0,0,0,0,0,0,0,0,0,1,0,0
698,-9.1834,10.828,5.1361,169,0,0,0,0,0,0,0,0,1,0,0,0
699,16.629,-1.4164,20.13,353,0,0,0,0,0,0,0,0,0,1,0,0
700,13.754,-26.195,3.7231,195,0,0,0,0,0,0,0,0,0,1,0,0
701,-13.945,16.176,11.297,182,0,0,0,0,0,0,0,0,1,0,0,0
702,17.11,18.597,10.827,191,0,0,0,0,0,0,0,0,0,1,0,0
703,-21.469,13.46,-6.7257,226,0,0,0,0,0,0,0,0,1,0,0,0
704,20.22,-19.56,8.555,209,0,0,0,0,0,0,0,0,0,1,0,0
705,18.551,-1.521,-1.7844,167,0,0,0,0,0,0,0,0,0,1,0,0
706,-15.1,-23.981,11.962,209,0,0,0,0,0,0,0,0,1,0,0,0
707,13.765,22.437,-1.7815,238,0,0,0,0,0,0,0,0,0,1,0,0
708,-15.674,-8.8085,23.007,141,0,0,0,0,0,0,0,0,1,0,0,0
709,24.82,-14.393,-18.415,183,0,0,0,0,0,0,0,0,0,1,0,0
710,-17.515,-6.9818,-17.261,165,0,0,0,0,0,0,0,0,1,0,0,0
711,5.5127,-4.5178,4.5482,197,0,0,0,0,0,0,0,0,0.060914,0.93909,0,0
712,30.298,-8.7193,-1.2719,228,0,0,0,0,0,0,0,0,0,1,0,0
713,-9.7324,10.958,-8.1127,142,0,0,0,0,0,0,0,0,1,0,0,0
714,-13.032,21.653,-0.94064,219,0,0,0,0,0,0,0,0,1,0,0,0
715,-6.5202,-7.7668,1.7848,223,0,0,0,0,0,0,0,0,1,0,0,0
716,24.417,10.477,5.2936,235,0,0,0,0,0,0,0,0,0,1,0,0
717,26.082,-4.5306,-24.204,196,0,0,0,0,0,0,0,0,0,1,0,0
718,-15.19,-30.205,1.2585,205,0,0,0,0,0,0,0,0,1,0,0,0
719,-5.5056,-21.446,3.191,267,0,0,0,0,0,0,0,0,0.98876,0.011236,0,0
720,22.42,15.021,-5.7119,243,0,0,0,0,0,0,0,0,0,1,0,0
721,27.561,-1.3873,7.3988,173,0,0,0,0,0,0,0,0,0,1,0,0
722,10.216,12.412,7.2887,194,0,0,0,0,0,0,0,0,0,1,0,0
723,-26.83,-8.7075,-1.8868,212,0,0,0,0,0,0,0,0,1,0,0,0
724,-7.7422,-11.805,12.07,256,0,0,0,0,0,0,0,0,1,0,0,0
725,-23.704,10.463,4.6759,216,0,0,0,0,0,0,0,0,1,0,0,0
726,-24.411,-5.1459,-24.184,185,0,0,0,0,0,0,0,0,1,0,0,0
727,18.792,-5.9703,-17.663,202,0,0,0,0,0,0,0,0,0,1,0,0
728,-16.456,-17.067,4.2778,180,0,0,0,0,0,0,0,0,1,0,0,0
729,8.8929,-15.268,12.107,224,0,0,0,0,0,0,0,0,0.013393,0.98661,0,0
